at,origin,destination
2015-12-01 20:14:00,POINT(13.523484 52.496944),POINT(13.566332 52.556065)
2015-12-01 20:10:00,POINT(13.305286 52.511513),POINT(13.427872 52.459866)
2015-12-01 20:17:00,POINT(13.410141 52.553656),POINT(13.376454 52.509338)
2015-12-01 20:17:00,POINT(13.4305616 52.5033058),POINT(13.417748 52.499047)
2015-12-01 20:24:00,POINT(13.325162 52.504706),POINT(13.361016 52.485675)
2015-12-01 21:10:00,POINT(13.314189 52.5266),POINT(13.468703 52.515987)
2015-12-01 22:35:00,POINT(13.0104181 52.3657987),POINT(13.369402 52.5250839)
2015-12-01 20:36:00,POINT(13.413215 52.521919),POINT(13.525981 52.481037)
2015-12-01 20:34:00,POINT(13.305212 52.505051),POINT(13.128971 52.465694)
2015-12-01 20:36:00,POINT(13.516817 52.390347),POINT(13.381815 52.516506)
2015-12-01 20:35:00,POINT(13.38449 52.504815),POINT(13.412925 52.538589)
2015-12-01 21:10:00,POINT(13.413215 52.521919),POINT(13.525981 52.481037)
2015-12-01 20:41:00,POINT(13.4607 52.512171),POINT(13.412366 52.517895)
2015-12-01 20:48:00,POINT(13.372594 52.462437),POINT(13.39873 52.494389)
2015-12-01 20:45:00,POINT(13.3361109 52.5305808),POINT(13.419272 52.5432874)
2015-12-01 20:49:00,POINT(13.425135 52.528015),POINT(13.328078 52.429096)
2015-12-01 21:50:00,POINT(13.432753 52.490431),POINT(13.373435 52.509899)
2015-12-01 20:50:00,POINT(13.389028 52.521823),POINT(13.06119 52.41084)
2015-12-01 20:51:00,POINT(13.414685 52.522881),POINT(13.328078 52.429096)
2015-12-01 20:51:00,POINT(13.389344 52.521205),POINT(13.06119 52.41084)
2015-12-01 20:47:00,POINT(13.306995 52.447906),POINT(13.376454 52.509338)
2015-12-01 20:49:00,POINT(13.38927 52.506039),POINT(13.39873 52.494389)
2015-12-01 20:51:00,POINT(13.414685 52.522881),POINT(13.328078 52.429096)
2015-12-01 16:40:00,POINT(13.761324 52.526463),POINT(13.336235 52.513962)
2015-12-01 20:52:00,POINT(13.414685 52.522881),POINT(13.377977 52.509071)
2015-12-01 20:49:00,POINT(13.424757 52.530162),POINT(13.328078 52.429096)
2015-12-01 21:15:00,POINT(13.389199 52.522033),POINT(13.06119 52.41084)
2015-12-01 16:20:00,POINT(13.761324 52.526463),POINT(13.336235 52.513962)
2015-12-01 16:00:00,POINT(13.761324 52.526463),POINT(13.336235 52.513962)
2015-12-01 20:52:00,POINT(13.465869 52.518558),POINT(13.383256 52.498944)
2015-12-01 21:00:00,POINT(13.389199 52.522033),POINT(13.06119 52.41084)
2015-12-01 20:54:00,POINT(13.414685 52.522881),POINT(13.377977 52.509071)
2015-12-01 20:53:00,POINT(13.377977 52.509071),POINT(13.328078 52.429096)
2015-12-01 20:54:00,POINT(13.414685 52.522881),POINT(13.365949 52.474834)
2015-12-01 21:03:00,POINT(13.325293 52.461489),POINT(13.35257 52.49506)
2015-12-01 21:04:00,POINT(13.4735692 52.4782949),POINT(13.648591 52.515755)
2015-12-01 21:08:00,POINT(13.304495 52.416991),POINT(13.353884 52.505718)
2015-12-01 21:05:00,POINT(13.510149 52.454611),POINT(13.648591 52.515755)
2015-12-01 21:07:00,POINT(13.414541 52.525215),POINT(13.60759 52.454262)
2015-12-01 21:03:00,POINT(13.4732265 52.4784749),POINT(13.648591 52.515755)
2015-12-01 21:07:00,POINT(13.392696 52.414733),POINT(13.39373 52.415371)
2015-12-01 21:11:00,POINT(13.325465 52.432978),POINT(13.32913 52.508171)
2015-12-01 21:16:00,POINT(13.284627 52.508671),POINT(13.351406 52.526363)
2015-12-01 21:08:00,POINT(13.356767 52.600231),POINT(13.362814 52.499809)
2015-12-01 21:11:00,POINT(13.333276 52.469496),POINT(13.35257 52.49506)
2015-12-01 21:19:00,POINT(13.375116 52.500694),POINT(13.593031 52.676231)
2015-12-01 21:12:00,POINT(13.308493 52.476786),POINT(13.619022 52.455605)
2015-12-01 21:13:00,POINT(13.416584 52.523018),POINT(13.517598 52.555487)
2015-12-01 21:13:00,POINT(13.448857 52.438391),POINT(13.368663 52.473453)
2015-12-01 21:13:00,POINT(13.3334 52.514613),POINT(13.32481 52.46011)
2015-12-01 21:15:00,POINT(13.434649 52.510483),POINT(13.386781 52.511059)
2015-12-01 21:14:00,POINT(13.605794 52.535946),POINT(13.407927 52.51022)
2015-12-01 22:17:00,POINT(13.292837 52.55407),POINT(13.49536 52.49979)
2015-12-01 21:55:00,POINT(13.432753 52.490431),POINT(13.373435 52.509899)
2015-12-01 21:18:00,POINT(13.351406 52.526363),POINT(13.284627 52.508671)
2015-12-01 21:15:00,POINT(13.376454 52.509338),POINT(13.328078 52.429096)
2015-12-01 22:17:00,POINT(13.49536 52.49979),POINT(13.292837 52.55407)
2015-12-01 21:17:00,POINT(13.392696 52.414733),POINT(13.39373 52.415371)
2015-12-01 21:22:00,POINT(13.295954 52.519257),POINT(13.328078 52.429096)
2015-12-01 21:21:00,POINT(13.3761566 52.5595469),POINT(13.35609 52.51938)
2015-12-01 21:20:00,POINT(13.405001 52.539631),POINT(13.440444 52.543987)
2015-12-01 21:27:00,POINT(13.341417 52.525936),POINT(13.395867 52.582143)
2015-12-01 21:25:00,POINT(13.392696 52.414733),POINT(13.39373 52.415371)
2015-12-01 21:24:00,POINT(13.401742 52.522102),POINT(13.34912 52.5338)
2015-12-01 21:34:00,POINT(13.399988 52.522609),POINT(13.495382 52.546636)
2015-12-01 21:28:00,POINT(13.407132 52.534537),POINT(13.292837 52.55407)
2015-12-01 21:30:00,POINT(13.614932 52.531921),POINT(13.587068 52.545536)
2015-12-01 22:15:00,POINT(13.432528 52.490512),POINT(13.373435 52.509899)
2015-12-01 22:10:00,POINT(13.432528 52.490512),POINT(13.373435 52.509899)
2015-12-01 21:46:00,POINT(13.44838 52.559395),POINT(13.293779 52.623325)
2015-12-01 21:35:00,POINT(13.392696 52.414733),POINT(13.39373 52.415371)
2015-12-01 22:10:00,POINT(13.426163 52.4876),POINT(13.373435 52.509899)
2015-12-01 21:44:00,POINT(13.383798 52.51152),POINT(13.067157 52.390931)
2015-12-01 21:52:00,POINT(13.336856 52.500534),POINT(13.32089 52.49577)
2015-12-01 21:53:00,POINT(13.4506792 52.4710617),POINT(13.42223 52.47724)
2015-12-01 21:45:00,POINT(13.392696 52.414733),POINT(13.39373 52.415371)
2015-12-01 21:55:00,POINT(13.432753 52.490431),POINT(13.373435 52.509899)
2015-12-01 21:47:00,POINT(13.347762 52.480286),POINT(13.383297 52.531723)
2015-12-01 21:49:00,POINT(13.444271 52.482958),POINT(13.340248 52.475288)
2015-12-01 21:50:00,POINT(13.355447 52.501705),POINT(13.39267 52.513721)
2015-12-01 21:52:00,POINT(13.364214 52.476261),POINT(13.361214 52.485497)
2015-12-01 21:49:00,POINT(13.350276 52.489529),POINT(13.320684 52.474936)
2015-12-01 21:51:00,POINT(13.364249 52.501042),POINT(13.440574 52.502137)
2015-12-01 21:56:00,POINT(13.4948046 52.624555),POINT(13.4340144 52.5103843)
2015-12-01 21:49:00,POINT(13.196948 52.513206),POINT(13.197746 52.52251)
2015-12-01 21:52:00,POINT(13.354835 52.500227),POINT(13.28783 52.49675)
2015-12-01 21:55:00,POINT(13.369402 52.525085),POINT(13.336856 52.500534)
2015-12-01 21:53:00,POINT(13.455998 52.473824),POINT(13.340248 52.475288)
2015-12-01 21:55:00,POINT(13.374543 52.510008),POINT(13.393068 52.525162)
2015-12-01 21:55:00,POINT(13.443438 52.591825),POINT(13.431031 52.589822)
2015-12-01 21:55:00,POINT(13.271367 52.513607),POINT(13.572037 52.546124)
2015-12-01 21:57:00,POINT(13.301258 52.427181),POINT(13.362883 52.503605)
2015-12-01 21:59:00,POINT(13.383798 52.51152),POINT(13.332367 52.507332)
2015-12-01 22:02:00,POINT(13.317315 52.635941),POINT(13.306804 52.618164)
2015-12-01 21:58:00,POINT(13.087922 52.367607),POINT(13.141937 52.374802)
2015-12-01 21:57:00,POINT(13.323673 52.504692),POINT(13.33966 52.500031)
2015-12-01 22:05:00,POINT(13.422715 52.497572),POINT(13.49126 52.4118)
2015-12-01 22:03:00,POINT(13.317196 52.635935),POINT(13.306804 52.618164)
2015-12-01 22:01:00,POINT(13.376454 52.50934),POINT(13.067157 52.390931)
2015-12-01 22:01:00,POINT(13.437451 52.478962),POINT(13.42003 52.53847)
2015-12-01 22:01:00,POINT(13.437451 52.478962),POINT(13.42003 52.53847)
2015-12-01 22:10:00,POINT(13.342561 52.50211),POINT(13.332367 52.507332)
2015-12-01 22:07:00,POINT(13.522366 52.563828),POINT(13.532042 52.452118)
2015-12-01 22:02:00,POINT(13.427192 52.502815),POINT(13.42118 52.53532)
2015-12-01 22:03:00,POINT(13.342561 52.50211),POINT(13.332367 52.507332)
2015-12-01 22:03:00,POINT(13.496734 52.415615),POINT(13.480234 52.408319)
2015-12-01 22:08:00,POINT(13.576644 52.528434),POINT(13.415138 52.549335)
2015-12-01 22:09:00,POINT(13.342561 52.50211),POINT(13.332367 52.507332)
2015-12-01 22:07:00,POINT(13.4784068 52.5201486),POINT(13.31096 52.49149)
2015-12-01 22:08:00,POINT(13.513698 52.566547),POINT(13.532042 52.452118)
2015-12-01 22:15:00,POINT(13.30771 52.47421),POINT(13.46831 52.520374)
2015-12-01 22:15:00,POINT(13.4784068 52.5201486),POINT(13.31096 52.49149)
2015-12-01 22:10:00,POINT(13.332367 52.507332),POINT(13.067157 52.390931)
2015-12-01 22:12:00,POINT(13.576644 52.528434),POINT(13.414596 52.550846)
2015-12-01 22:16:00,POINT(13.098423 52.357987),POINT(13.330993 52.608264)
2015-12-01 22:19:00,POINT(13.1784261 52.5190331),POINT(13.199766 52.535539)
2015-12-01 22:17:00,POINT(13.16242 52.535782),POINT(13.443278 52.51685)
2015-12-01 22:18:00,POINT(13.43405 52.417858),POINT(13.425123 52.486671)
2015-12-01 22:14:00,POINT(13.342561 52.50211),POINT(13.067157 52.39093)
2015-12-01 22:17:00,POINT(13.098423 52.357987),POINT(13.330993 52.608264)
2015-12-01 22:19:00,POINT(13.413215 52.521919),POINT(13.457056 52.531261)
2015-12-01 22:24:00,POINT(13.385331 52.540175),POINT(13.444828 52.463516)
2015-12-01 22:19:00,POINT(13.352964 52.479726),POINT(13.340248 52.475288)
2015-12-01 22:22:00,POINT(13.1747452 52.5203109),POINT(13.199766 52.535539)
2015-12-01 22:25:00,POINT(13.383928 52.49408),POINT(13.43339 52.49572)
2015-12-01 22:25:00,POINT(13.621097 52.451486),POINT(13.387751 52.541145)
2015-12-01 00:00:00,POINT(13.385362 52.540185),POINT(13.444828 52.463516)
2015-12-01 22:26:00,POINT(13.297901 52.530811),POINT(13.417317 52.528942)
2015-12-01 22:41:00,POINT(13.418143 52.520837),POINT(13.345648 52.532772)
2015-12-01 01:00:00,POINT(13.385362 52.540185),POINT(13.444828 52.463516)
2015-12-01 22:30:00,POINT(13.30074 52.499088),POINT(13.402763 52.543507)
2015-12-01 22:30:00,POINT(13.368924 52.525847),POINT(13.4258308 52.5499948)
2015-12-01 22:28:00,POINT(13.297901 52.530811),POINT(13.345545 52.524864)
2015-12-01 22:29:00,POINT(13.3703546 52.5275732),POINT(13.4258308 52.5499948)
2015-12-01 22:31:00,POINT(13.621097 52.451486),POINT(13.32709 52.51218)
2015-12-01 22:37:00,POINT(13.52435 52.48865),POINT(13.60071 52.48586)
2015-12-01 22:38:00,POINT(13.19955 52.54619),POINT(13.32846 52.5236)
2015-12-01 22:39:00,POINT(13.3626723 52.5817689),POINT(13.32262 52.64589)
2015-12-01 22:38:00,POINT(13.52435 52.48865),POINT(13.417845 52.520927)
2015-12-01 22:40:00,POINT(13.382708 52.404026),POINT(13.39871 52.39918)
2015-12-01 20:00:00,POINT(13.3931736 52.505234),POINT(13.3756791 52.4879418)
2015-12-01 22:43:00,POINT(13.372888 52.510419),POINT(13.346502 52.486041)
2015-12-01 22:44:00,POINT(13.3931736 52.505234),POINT(13.3756791 52.4879418)
2015-12-01 22:43:00,POINT(13.382708 52.404026),POINT(13.39871 52.39918)
2015-12-01 22:45:00,POINT(13.458768 52.512725),POINT(13.401393 52.529781)
2015-12-01 22:45:00,POINT(13.494726 52.517566),POINT(13.376454 52.509338)
2015-12-01 22:45:00,POINT(13.413232 52.522083),POINT(13.332927 52.506882)
2015-12-01 22:45:00,POINT(13.258627 52.521585),POINT(13.326924 52.462872)
2015-12-01 22:53:00,POINT(13.411537 52.538076),POINT(13.384565 52.504688)
2015-12-01 22:47:00,POINT(13.332151 52.506419),POINT(13.417748 52.499046)
2015-12-01 22:54:00,POINT(13.3882703 52.5065757),POINT(13.3756791 52.4879418)
2015-12-01 22:46:00,POINT(13.3197731 52.6067891),POINT(13.32262 52.64589)
2015-12-01 22:47:00,POINT(13.413232 52.522083),POINT(12.881489 52.606918)
2015-12-01 22:54:00,POINT(13.3756791 52.4879418),POINT(13.3882703 52.5065757)
2015-12-01 23:30:00,POINT(13.394456 52.512261),POINT(13.390436 52.555237)
2015-12-01 22:52:00,POINT(13.402358 52.522606),POINT(13.513221 52.464668)
2015-12-01 23:10:00,POINT(13.402358 52.522606),POINT(13.513221 52.464668)
2015-12-01 22:48:00,POINT(13.429597 52.481564),POINT(13.405305 52.525376)
2015-12-01 22:54:00,POINT(13.394456 52.512261),POINT(13.390436 52.555237)
2015-12-01 22:52:00,POINT(13.123295 52.386326),POINT(13.32706 52.516575)
2015-12-01 22:54:00,POINT(13.123295 52.386326),POINT(13.32706 52.516575)
2015-12-01 23:00:00,POINT(13.473826 52.535587),POINT(13.495539 52.504098)
2015-12-01 22:57:00,POINT(13.29502 52.446629),POINT(13.39871 52.39918)
2015-12-01 23:15:00,POINT(13.473826 52.535587),POINT(13.495539 52.504098)
2015-12-01 23:15:00,POINT(13.394717 52.51047),POINT(13.390436 52.555237)
2015-12-01 22:56:00,POINT(13.434473 52.511407),POINT(13.612211 52.511961)
2015-12-01 23:03:00,POINT(13.435246 52.481068),POINT(13.438267 52.419361)
2015-12-01 22:54:00,POINT(13.3882703 52.5065757),POINT(13.3756791 52.4879418)
2015-12-01 22:57:00,POINT(13.351261 52.492559),POINT(13.331801 52.496159)
2015-12-01 22:58:00,POINT(13.361214 52.485497),POINT(13.42193 52.533859)
2015-12-01 22:59:00,POINT(13.123295 52.386326),POINT(13.32706 52.516575)
2015-12-01 23:00:00,POINT(13.335093 52.468052),POINT(13.39189 52.457603)
2015-12-01 23:07:00,POINT(13.425123 52.486671),POINT(13.438267 52.419361)
2015-12-01 00:05:00,POINT(13.29502 52.446629),POINT(13.39871 52.39918)
2015-12-01 23:04:00,POINT(13.307348 52.500088),POINT(13.369978 52.46357)
2015-12-01 23:02:00,POINT(13.406118 52.525221),POINT(13.507497 52.448093)
2015-12-01 22:55:00,POINT(13.429597 52.481564),POINT(13.405305 52.525376)
2015-12-01 23:04:00,POINT(13.476862 52.553511),POINT(13.514525 52.533978)
2015-12-01 23:05:00,POINT(13.429597 52.481564),POINT(13.405305 52.525376)
2015-12-01 23:02:00,POINT(13.429597 52.481564),POINT(13.405305 52.525376)
2015-12-01 23:05:00,POINT(13.496734 52.415615),POINT(13.480234 52.408319)
2015-12-01 23:02:00,POINT(13.317618 52.635959),POINT(13.306804 52.618164)
2015-12-01 23:04:00,POINT(13.293085 52.536647),POINT(13.44836 52.499608)
2015-12-01 23:09:00,POINT(13.408767 52.512009),POINT(13.502629 52.461449)
2015-12-01 07:20:00,POINT(13.322686 52.639009),POINT(13.397848 52.555031)
2015-12-01 23:06:00,POINT(13.29491 52.511887),POINT(13.552579 52.440434)
2015-12-01 07:00:00,POINT(13.322686 52.639009),POINT(13.397848 52.555031)
2015-12-01 23:06:00,POINT(13.346169 52.481491),POINT(13.360386 52.498505)
2015-12-01 23:15:00,POINT(13.394717 52.51047),POINT(13.390436 52.555237)
2015-12-01 23:09:00,POINT(13.123295 52.386326),POINT(13.32706 52.516575)
2015-12-01 23:14:00,POINT(13.39 52.521936),POINT(13.441926 52.500759)
2015-12-01 23:10:00,POINT(13.123295 52.386326),POINT(13.32706 52.516575)
2015-12-01 23:09:00,POINT(13.123295 52.386326),POINT(13.32706 52.516575)
2015-12-01 23:09:00,POINT(13.123295 52.386326),POINT(13.32706 52.516575)
2015-12-01 23:18:00,POINT(13.363499 52.529132),POINT(13.510676 52.631107)
2015-12-01 23:10:00,POINT(13.363147 52.50057),POINT(13.440574 52.502137)
2015-12-01 23:15:00,POINT(13.451822 52.508138),POINT(13.40546 52.569229)
2015-12-01 23:14:00,POINT(13.354046 52.490075),POINT(13.306885 52.505833)
2015-12-01 23:56:00,POINT(13.390984 52.514186),POINT(13.351204 52.506573)
2015-12-01 23:20:00,POINT(13.407222 52.51719),POINT(13.359847 52.47707)
2015-12-01 23:18:00,POINT(13.354046 52.490075),POINT(13.306885 52.505833)
2015-12-01 23:18:00,POINT(13.33249 52.506442),POINT(13.44836 52.499608)
2015-12-01 23:30:00,POINT(13.354046 52.490075),POINT(13.306885 52.505833)
2015-12-01 23:18:00,POINT(13.365579 52.475468),POINT(13.372067 52.469723)
2015-12-01 23:28:00,POINT(13.400716 52.530165),POINT(13.322379 52.505814)
2015-12-01 23:29:00,POINT(13.39596 52.51444),POINT(13.331439 52.500565)
2015-12-01 23:25:00,POINT(13.350575 52.407727),POINT(13.349875 52.411541)
2015-12-01 23:27:00,POINT(13.4154774 52.4939503),POINT(13.43271 52.51069)
2015-12-01 23:32:00,POINT(13.39596 52.51444),POINT(13.330089 52.500648)
2015-12-01 23:34:00,POINT(13.340248 52.475288),POINT(13.444224 52.482891)
2015-12-01 23:33:00,POINT(13.457843 52.51254),POINT(13.401393 52.529781)
2015-12-01 00:30:00,POINT(13.05014 52.411369),POINT(13.429386 52.498169)
2015-12-01 22:55:00,POINT(13.429597 52.481564),POINT(13.353825 52.499644)
2015-12-01 23:35:00,POINT(13.359633 52.547176),POINT(13.276771 52.714493)
2015-12-01 23:35:00,POINT(13.358544 52.546452),POINT(13.276771 52.714493)
2015-12-01 00:35:00,POINT(13.359633 52.547176),POINT(13.276771 52.714493)
2015-12-01 23:35:00,POINT(13.358544 52.546452),POINT(13.276771 52.714493)
2015-12-01 23:35:00,POINT(13.295649 52.426467),POINT(13.290926 52.427231)
2015-12-01 23:38:00,POINT(13.405177 52.730649),POINT(13.389719 52.511494)
2015-12-01 23:40:00,POINT(13.340248 52.475288),POINT(13.444224 52.482891)
2015-12-01 23:49:00,POINT(13.3339907 52.6083933),POINT(13.2795737 52.5071428)
2015-12-01 10:00:00,POINT(13.3339907 52.6083933),POINT(13.2795737 52.5071428)
2015-12-01 23:50:00,POINT(13.360635 52.570843),POINT(13.516817 52.390347)
2015-12-01 23:56:00,POINT(13.390984 52.514186),POINT(13.306796 52.5145)
2015-12-01 23:57:00,POINT(13.26891 52.45042),POINT(13.254016 52.450146)
2015-12-01 23:51:00,POINT(13.392696 52.414733),POINT(13.39373 52.415371)
2015-12-01 23:51:00,POINT(13.496734 52.415615),POINT(13.480234 52.408319)
2015-12-01 22:55:00,POINT(13.405305 52.525376),POINT(13.353825 52.499644)
2015-12-01 00:35:00,POINT(13.358544 52.546452),POINT(13.276771 52.714493)
2015-12-01 23:57:00,POINT(13.395382 52.491253),POINT(13.496734 52.415615)
2015-12-01 08:30:00,POINT(13.386036 52.511726),POINT(13.292837 52.55407)
2015-12-01 23:58:00,POINT(13.276771 52.714493),POINT(13.358544 52.546452)
2015-12-01 22:50:00,POINT(13.405305 52.525376),POINT(13.353825 52.499644)
2015-12-01 22:45:00,POINT(13.402358 52.522607),POINT(13.353825 52.499644)
2015-12-01 22:55:00,POINT(13.400944 52.524282),POINT(13.353825 52.499644)
2015-12-01 22:45:00,POINT(13.405305 52.525376),POINT(13.353825 52.499644)
2015-12-01 23:58:00,POINT(13.411967 52.541299),POINT(13.40546 52.569229)
2015-12-01 19:14:00,POINT(13.4011652 52.5295851),POINT(13.4101207 52.5246412)
2015-12-01 19:14:00,POINT(13.4011652 52.5295851),POINT(13.4101207 52.5246412)
2015-12-01 22:30:00,POINT(13.29284 52.554199),POINT(13.516817 52.390347)
2015-12-01 09:00:00,POINT(12.913816 52.423732),POINT(13.566087 52.519188)
2015-12-01 06:00:00,POINT(12.966528 52.411453),POINT(13.292837 52.55407)
2015-12-01 07:45:00,POINT(13.574018 52.412712),POINT(13.321349 52.497948)
2015-12-01 11:30:00,POINT(13.208117 52.532111),POINT(13.457125 52.528071)
2015-12-01 10:50:00,POINT(13.208117 52.532111),POINT(13.457125 52.528071)
2015-12-01 10:50:00,POINT(13.197521 52.534467),POINT(13.457125 52.528071)
2015-12-01 10:50:00,POINT(13.197521 52.534467),POINT(13.457125 52.528071)
2015-12-01 11:40:00,POINT(13.197521 52.534467),POINT(13.457125 52.528071)
2015-12-01 11:30:00,POINT(13.197521 52.534467),POINT(13.457125 52.528071)
2015-12-01 11:45:00,POINT(13.197521 52.534467),POINT(13.457125 52.528071)
2015-12-01 13:00:00,POINT(13.630568 52.296921),POINT(13.360955 52.497776)
2015-12-01 02:05:00,POINT(13.286775 52.509197),POINT(13.42064 52.524719)
2015-12-01 09:10:00,POINT(13.614966 52.372086),POINT(13.383798 52.51152)
2015-12-01 09:10:00,POINT(13.614966 52.372086),POINT(13.390049 52.512104)
2015-12-01 09:15:00,POINT(13.568235 52.557713),POINT(13.368924 52.525848)
2015-12-01 07:20:00,POINT(13.4161 52.538254),POINT(13.44628 52.54995)
2015-12-01 07:30:00,POINT(13.498228 52.510754),POINT(13.1422 52.382938)
2015-12-01 07:40:00,POINT(13.498228 52.510754),POINT(13.1422 52.382938)
2015-12-01 07:30:00,POINT(13.498228 52.510754),POINT(13.1422 52.382938)
2015-12-01 10:00:00,POINT(13.448983 52.496957),POINT(13.292837 52.55407)
2015-12-01 09:25:00,POINT(13.467847 52.558851),POINT(13.37849 52.529472)
2015-12-01 01:29:00,POINT(13.434999 52.440466),POINT(13.286578 52.536703)
2015-12-01 01:48:00,POINT(13.4480004 52.450619),POINT(13.1399502 52.4122528)
2015-12-01 01:48:00,POINT(13.1399502 52.4122528),POINT(13.4480004 52.450619)
2015-12-01 04:09:00,POINT(13.384124 52.496099),POINT(13.455981 52.496901)
2015-12-01 07:15:00,POINT(13.240628 52.543125),POINT(13.299594 52.388451)
2015-12-01 07:00:00,POINT(13.385158 52.496493),POINT(13.455981 52.496901)
2015-12-01 09:30:00,POINT(13.418102 52.541973),POINT(13.441785 52.547184)
2015-12-01 07:06:00,POINT(13.388728 52.493748),POINT(13.279574 52.507141)
2015-12-01 12:56:00,POINT(13.469093 52.502851),POINT(13.435246 52.481068)
2015-12-01 14:16:00,POINT(13.418383 52.496826),POINT(13.485106 52.494779)
2015-12-01 10:00:00,POINT(13.316644 52.530005),POINT(13.292837 52.55407)
2015-12-01 10:00:00,POINT(13.448983 52.496957),POINT(13.292837 52.55407)
2015-12-01 08:00:00,POINT(13.438651 52.487469),POINT(13.428156 52.536961)
2015-12-01 08:05:00,POINT(13.438651 52.487469),POINT(13.438356 52.540726)
2015-12-01 06:05:00,POINT(13.424496 52.521029),POINT(13.577604 52.456932)
2015-12-01 14:56:00,POINT(13.377547 52.55653),POINT(13.340897 52.533932)
2015-12-01 15:01:00,POINT(13.384185 52.559086),POINT(13.433519 52.60891)
2015-12-01 15:22:00,POINT(13.412354 52.533745),POINT(13.43854 52.476841)
2015-12-01 04:10:00,POINT(13.315539 52.469608),POINT(13.329149 52.477367)
2015-12-01 04:00:00,POINT(13.315539 52.469608),POINT(13.328409 52.464996)
2015-12-01 04:00:00,POINT(13.315539 52.469608),POINT(13.329149 52.477367)
2015-12-01 04:15:00,POINT(13.412125 52.521618),POINT(13.334249 52.597107)
2015-12-01 13:15:00,POINT(13.630568 52.296921),POINT(13.360955 52.497776)
2015-12-01 17:00:00,POINT(13.529278 52.428688),POINT(13.40369 52.524879)
2015-12-01 07:00:00,POINT(13.159476 52.465388),POINT(13.419945 52.525185)
2015-12-01 04:30:00,POINT(13.453851 52.429253),POINT(13.199891 52.535797)
2015-12-01 11:00:00,POINT(13.418102 52.541973),POINT(13.441785 52.547184)
2015-12-01 09:15:00,POINT(13.568235 52.557713),POINT(13.368924 52.525848)
2015-12-01 15:00:00,POINT(13.593031 52.676231),POINT(13.59024 52.54414)
2015-12-01 15:00:00,POINT(13.593031 52.676231),POINT(13.375332 52.499889)
2015-12-01 05:10:00,POINT(13.36267 52.492668),POINT(13.292837 52.55407)
2015-12-01 14:48:00,POINT(13.440464 52.489735),POINT(13.489239 52.469292)
2015-12-01 15:10:00,POINT(13.398096 52.727459),POINT(13.425278 52.541542)
2015-12-01 08:30:00,POINT(13.449925 52.445343),POINT(13.292837 52.55407)
2015-12-01 00:45:00,POINT(13.305715 52.499131),POINT(13.293661 52.536983)
2015-12-01 09:30:00,POINT(13.426121 52.474247),POINT(13.343837 52.536182)
2015-12-01 09:00:00,POINT(13.426121 52.474247),POINT(13.343837 52.536182)
2015-12-01 08:45:00,POINT(13.426121 52.474247),POINT(13.343837 52.536182)
2015-12-01 09:30:00,POINT(13.426121 52.474247),POINT(13.343837 52.536182)
2015-12-01 07:30:00,POINT(13.321083 52.416738),POINT(13.313328 52.43539)
2015-12-01 07:35:00,POINT(13.321083 52.416738),POINT(13.313328 52.43539)
2015-12-01 07:25:00,POINT(13.321083 52.416738),POINT(13.313328 52.43539)
2015-12-01 06:00:00,POINT(13.341803 52.526275),POINT(13.292837 52.55407)
2015-12-01 15:10:00,POINT(13.480602 52.483403),POINT(13.560762 52.504643)
2015-12-01 05:10:00,POINT(13.362701 52.492472),POINT(13.292837 52.55407)
2015-12-01 05:50:00,POINT(13.587851 52.428475),POINT(13.304866 52.528145)
2015-12-01 05:20:00,POINT(13.362701 52.492472),POINT(13.292837 52.55407)
2015-12-01 08:00:00,POINT(13.329785 52.505711),POINT(13.284566 52.488625)
2015-12-01 17:00:00,POINT(13.5213 52.425436),POINT(13.460357 52.516364)
2015-12-01 09:00:00,POINT(13.619707 52.539135),POINT(13.605794 52.535946)
2015-12-01 09:00:00,POINT(13.62274 52.535851),POINT(13.605794 52.535946)
2015-12-01 08:00:00,POINT(13.435126 52.511897),POINT(13.454085 52.515774)
2015-12-01 12:30:00,POINT(13.369402 52.525085),POINT(13.580703 52.539806)
2015-12-01 08:50:00,POINT(13.346921 52.437797),POINT(13.25763 52.43339)
2015-12-01 08:45:00,POINT(13.346921 52.437797),POINT(13.25763 52.43339)
2015-12-01 11:20:00,POINT(13.614966 52.372086),POINT(13.402358 52.522606)
2015-12-01 15:10:00,POINT(13.583142 52.434391),POINT(13.589053 52.51764)
2015-12-01 00:04:00,POINT(13.382582 52.53065),POINT(13.45721 52.5307)
2015-12-01 00:14:00,POINT(13.437974 52.503323),POINT(13.403182 52.493912)
2015-12-01 15:15:00,POINT(13.583142 52.434391),POINT(13.589053 52.51764)
2015-12-01 15:10:00,POINT(13.589053 52.51764),POINT(13.578812 52.455769)
2015-12-01 15:20:00,POINT(13.578812 52.455769),POINT(13.589053 52.51764)
2015-12-01 15:20:00,POINT(13.589053 52.51764),POINT(13.578812 52.455769)
2015-12-01 15:10:00,POINT(13.578812 52.455769),POINT(13.589053 52.51764)
2015-12-01 11:30:00,POINT(13.465347 52.514664),POINT(13.350276 52.489529)
2015-12-01 15:10:00,POINT(13.59285 52.454182),POINT(13.589053 52.51764)
2015-12-01 14:00:00,POINT(13.402358 52.522606),POINT(13.614966 52.372086)
2015-12-01 00:19:00,POINT(13.4257546 52.4740588),POINT(13.4428642 52.590905)
2015-12-01 15:20:00,POINT(13.59285 52.454182),POINT(13.589053 52.51764)
2015-12-01 15:10:00,POINT(13.59285 52.454182),POINT(13.589053 52.51764)
2015-12-01 15:15:00,POINT(13.59285 52.454182),POINT(13.589053 52.51764)
2015-12-01 14:30:00,POINT(13.402358 52.522606),POINT(13.614966 52.372086)
2015-12-01 14:00:00,POINT(13.402358 52.522606),POINT(13.614966 52.372086)
2015-12-01 15:10:00,POINT(13.59285 52.454182),POINT(13.601775 52.536097)
2015-12-01 08:05:00,POINT(13.422037 52.534592),POINT(13.615259 52.496357)
2015-12-01 09:45:00,POINT(13.259227 52.43121),POINT(13.322379 52.505814)
2015-12-01 00:52:00,POINT(13.386874 52.553286),POINT(13.41178 52.524479)
2015-12-01 09:20:00,POINT(13.5244 52.48882),POINT(13.376048 52.499756)
2015-12-01 14:20:00,POINT(13.376048 52.499756),POINT(13.37206 52.537189)
2015-12-01 09:20:00,POINT(13.525981 52.481038),POINT(13.376048 52.499756)
2015-12-01 15:10:00,POINT(13.59285 52.454182),POINT(13.601775 52.536097)
2015-12-01 15:15:00,POINT(13.591116 52.455276),POINT(13.601775 52.536097)
2015-12-01 15:10:00,POINT(13.591116 52.455276),POINT(13.601775 52.536097)
2015-12-01 15:10:00,POINT(13.591116 52.455276),POINT(13.601775 52.536097)
2015-12-01 08:00:00,POINT(13.423556 52.539022),POINT(13.40931 52.56736)
2015-12-01 15:10:00,POINT(13.583142 52.434391),POINT(13.601775 52.536097)
2015-12-01 17:00:00,POINT(13.349926 52.503101),POINT(13.369402 52.525085)
2015-12-01 17:00:00,POINT(13.348365 52.501942),POINT(13.369402 52.525085)
2015-12-01 07:35:00,POINT(13.387537 52.491627),POINT(13.279574 52.507141)
2015-12-01 10:30:00,POINT(13.383533 52.486549),POINT(13.352848 52.479813)
2015-12-01 11:15:00,POINT(13.468288 52.517846),POINT(13.368924 52.525848)
2015-12-01 04:00:00,POINT(13.394687 52.556698),POINT(13.513698 52.566547)
2015-12-01 05:00:00,POINT(13.362701 52.492472),POINT(13.292837 52.55407)
2015-12-01 11:10:00,POINT(13.396321 52.537102),POINT(13.521615 52.385441)
2015-12-01 15:10:00,POINT(13.324051 52.493832),POINT(13.278633 52.43214)
2015-12-01 09:00:00,POINT(13.426038 52.527676),POINT(13.351406 52.509594)
2015-12-01 15:10:00,POINT(13.324051 52.493832),POINT(13.282027 52.441677)
2015-12-01 05:18:00,POINT(13.231279 52.434325),POINT(13.064085 52.382313)
2015-12-01 09:00:00,POINT(13.434533 52.486268),POINT(13.325411 52.494904)
2015-12-01 05:45:00,POINT(13.532708 52.417867),POINT(13.38315 52.51474)
2015-12-01 06:35:00,POINT(13.322686 52.639009),POINT(13.448905 52.559792)
2015-12-01 05:19:00,POINT(13.240628 52.543125),POINT(13.299594 52.388451)
2015-12-01 11:20:00,POINT(13.396321 52.537102),POINT(13.521615 52.385441)
2015-12-01 06:15:00,POINT(13.372323 52.587144),POINT(13.444486 52.493011)
2015-12-01 03:45:00,POINT(13.307851 52.525894),POINT(13.387736 52.521087)
2015-12-01 03:55:00,POINT(13.307851 52.525894),POINT(13.387736 52.521087)
2015-12-01 03:30:00,POINT(13.307851 52.525894),POINT(13.387736 52.521087)
2015-12-01 10:00:00,POINT(13.388563 52.528843),POINT(13.540553 52.435101)
2015-12-01 06:15:00,POINT(13.372323 52.587144),POINT(13.444486 52.493011)
2015-12-01 21:05:00,POINT(13.3926698 52.5137224),POINT(13.32262 52.64589)
2015-12-01 06:20:00,POINT(13.372323 52.587144),POINT(13.444486 52.493011)
2015-12-01 08:00:00,POINT(13.138608 52.369664),POINT(13.09563 52.37847)
2015-12-01 04:00:00,POINT(13.307851 52.525894),POINT(13.387736 52.521087)
2015-12-01 07:30:00,POINT(13.389693 52.724353),POINT(13.374246 52.665916)
2015-12-01 06:45:00,POINT(13.3229793 52.6457296),POINT(13.314358 52.5864496)
2015-12-01 10:00:00,POINT(13.451398 52.489168),POINT(13.388876 52.516994)
2015-12-01 10:40:00,POINT(13.333076 52.47895),POINT(13.054417 52.400494)
2015-12-01 08:00:00,POINT(13.625462 52.45709),POINT(13.586557 52.44368)
2015-12-01 04:30:00,POINT(13.411826 52.525208),POINT(13.293244 52.554698)
2015-12-01 07:00:00,POINT(13.622838 52.295891),POINT(13.399791 52.509277)
2015-12-01 07:05:00,POINT(13.438356 52.540724),POINT(13.31302 52.45398)
2015-12-01 07:16:00,POINT(13.457212 52.512539),POINT(13.424926 52.500755)
2015-12-01 08:01:00,POINT(13.346396 52.497482),POINT(13.328703 52.534313)
2015-12-01 08:30:00,POINT(13.409285 52.537887),POINT(13.436255 52.507877)
2015-12-01 09:01:00,POINT(13.388794 52.531673),POINT(13.42688 52.57198)
2015-12-01 09:01:00,POINT(13.231279 52.434325),POINT(13.064085 52.382313)
2015-12-01 09:39:00,POINT(13.338488 52.493141),POINT(13.322581 52.511582)
2015-12-01 07:00:00,POINT(13.575632 52.466826),POINT(13.319003 52.505222)
2015-12-01 11:30:00,POINT(13.363054 52.414398),POINT(13.397615 52.486399)
2015-12-01 08:20:00,POINT(13.292837 52.55407),POINT(13.310693 52.500294)
2015-12-01 11:09:00,POINT(13.322581 52.511581),POINT(13.387153 52.520271)
2015-12-01 11:20:00,POINT(13.531018 52.442281),POINT(13.387153 52.520271)
2015-12-01 11:09:00,POINT(13.327018 52.562543),POINT(13.375944 52.509647)
2015-12-01 12:33:00,POINT(13.49532 52.5686291),POINT(13.411267 52.521512)
2015-12-01 09:25:00,POINT(13.292837 52.55407),POINT(13.310693 52.500294)
2015-12-01 07:25:00,POINT(13.180613 52.559181),POINT(13.292837 52.55407)
2015-12-01 15:20:00,POINT(13.790627 52.529186),POINT(13.888254 52.57745)
2015-12-01 07:55:00,POINT(13.456448 52.501554),POINT(13.33392 52.476212)
2015-12-01 07:45:00,POINT(13.456448 52.501554),POINT(13.33392 52.476212)
2015-12-01 09:00:00,POINT(13.430058 52.510558),POINT(13.448947 52.501724)
2015-12-01 07:40:00,POINT(13.456448 52.501554),POINT(13.33392 52.476212)
2015-12-01 08:20:00,POINT(13.370383 52.503317),POINT(13.40377 52.529991)
2015-12-01 11:56:00,POINT(13.3307981 52.4908407),POINT(13.369402 52.5250839)
2015-12-01 07:50:00,POINT(13.456448 52.501554),POINT(13.33392 52.476212)
2015-12-01 08:50:00,POINT(13.385654 52.511795),POINT(13.32312 52.501862)
2015-12-01 11:56:00,POINT(13.385796 52.465931),POINT(13.30085 52.493832)
2015-12-01 15:15:00,POINT(13.355977 52.526096),POINT(13.295954 52.519257)
2015-12-01 12:42:00,POINT(13.41013 52.526733),POINT(13.32873 52.503649)
2015-12-01 12:49:00,POINT(13.369402 52.5250839),POINT(13.4262346 52.4986775)
2015-12-01 13:30:00,POINT(13.340337 52.48854),POINT(13.376454 52.509338)
2015-12-01 12:20:00,POINT(13.128917 52.39399),POINT(13.344666 52.532124)
2015-12-01 14:30:00,POINT(13.38851 52.48732),POINT(13.309625 52.4151)
2015-12-01 19:00:00,POINT(13.309625 52.4151),POINT(13.29278 52.440578)
2015-12-01 19:00:00,POINT(13.309625 52.4151),POINT(13.321861 52.436035)
2015-12-01 08:20:00,POINT(13.453977 52.515659),POINT(13.407685 52.48922)
2015-12-01 12:00:00,POINT(13.36238 52.481389),POINT(13.411267 52.521512)
2015-12-01 19:00:00,POINT(13.309625 52.4151),POINT(13.325132 52.438702)
2015-12-01 13:47:00,POINT(13.305286 52.511513),POINT(13.314717 52.506298)
2015-12-01 10:15:00,POINT(13.404059 52.588755),POINT(13.332412 52.463577)
2015-12-01 10:15:00,POINT(13.332412 52.463577),POINT(13.404059 52.588755)
2015-12-01 05:00:00,POINT(13.362701 52.492472),POINT(13.292837 52.55407)
2015-12-01 10:15:00,POINT(13.404059 52.588755),POINT(13.332412 52.463577)
2015-12-01 00:08:00,POINT(13.396492 52.533077),POINT(13.624621 52.372501)
2015-12-01 16:00:00,POINT(13.51212 52.554974),POINT(13.599573 52.547264)
2015-12-01 02:00:00,POINT(13.368924 52.525848),POINT(13.43289 52.490688)
2015-12-01 00:42:00,POINT(13.3782269 52.5290915),POINT(13.3917667 52.5168617)
2015-12-01 11:10:00,POINT(13.411267 52.521511),POINT(13.303832 52.468555)
2015-12-01 00:01:00,POINT(13.200744 52.434281),POINT(13.31481 52.432079)
2015-12-01 00:09:00,POINT(13.330539 52.528333),POINT(13.417789 52.513935)
2015-12-01 00:06:00,POINT(13.39617 52.533569),POINT(13.624621 52.372501)
2015-12-01 00:09:00,POINT(13.436385 52.508483),POINT(13.415592 52.538033)
2015-12-01 00:35:00,POINT(13.330539 52.528333),POINT(13.417789 52.513935)
2015-12-01 00:04:00,POINT(13.680155 52.470563),POINT(13.62528 52.454391)
2015-12-01 09:30:00,POINT(13.39617 52.533569),POINT(13.624621 52.372501)
2015-12-01 09:45:00,POINT(13.624621 52.372501),POINT(13.39617 52.533569)
2015-12-01 01:00:00,POINT(13.330539 52.528333),POINT(13.417789 52.513935)
2015-12-01 09:45:00,POINT(13.396492 52.533077),POINT(13.624621 52.372501)
2015-12-01 09:30:00,POINT(13.624621 52.372501),POINT(13.39617 52.533569)
2015-12-01 15:14:00,POINT(13.384185 52.559086),POINT(13.433519 52.60891)
2015-12-01 07:00:00,POINT(13.38886 52.487439),POINT(13.383422 52.555236)
2015-12-01 07:50:00,POINT(13.457057 52.50926),POINT(13.386351 52.484977)
2015-12-01 00:12:00,POINT(13.194351 52.431498),POINT(13.31481 52.432079)
2015-12-01 15:22:00,POINT(13.352848 52.479813),POINT(13.454085 52.515774)
2015-12-01 08:15:00,POINT(13.33087 52.505508),POINT(13.284566 52.488625)
2015-12-01 08:00:00,POINT(13.33087 52.505508),POINT(13.284566 52.488625)
2015-12-01 00:19:00,POINT(13.292683 52.44297),POINT(13.31481 52.432079)
2015-12-01 00:40:00,POINT(13.4257546 52.4740588),POINT(13.4428642 52.590905)
2015-12-01 00:21:00,POINT(13.322152 52.455067),POINT(13.31481 52.432079)
2015-12-01 00:24:00,POINT(13.336943 52.495524),POINT(13.514302 52.649063)
2015-12-01 03:30:00,POINT(13.4257546 52.4740588),POINT(13.4428642 52.590905)
2015-12-01 00:36:00,POINT(13.425123 52.486671),POINT(13.418167 52.499249)
2015-12-01 00:25:00,POINT(13.332927 52.506882),POINT(13.514302 52.649063)
2015-12-01 00:30:00,POINT(13.300708 52.507391),POINT(13.33532 52.524059)
2015-12-01 00:33:00,POINT(13.40848 52.526373),POINT(13.443339 52.511265)
2015-12-01 07:00:00,POINT(13.303623 52.506938),POINT(13.388708 52.493494)
2015-12-01 00:38:00,POINT(13.475666 52.510193),POINT(13.439805 52.476429)
2015-12-01 00:40:00,POINT(13.469093 52.50285),POINT(13.439805 52.476429)
2015-12-01 00:34:00,POINT(13.428944 52.494445),POINT(13.473999 52.509823)
2015-12-01 00:30:00,POINT(13.338424 52.493356),POINT(13.322581 52.511582)
2015-12-01 00:57:00,POINT(13.339222 52.529943),POINT(13.416169 52.510857)
2015-12-01 00:36:00,POINT(13.303623 52.506938),POINT(13.296346 52.498039)
2015-12-01 00:31:00,POINT(13.300283 52.507413),POINT(13.33532 52.524059)
2015-12-01 00:36:00,POINT(13.303623 52.506938),POINT(13.388708 52.493494)
2015-12-01 00:38:00,POINT(13.4640672 52.5247951),POINT(13.37648 52.517716)
2015-12-01 00:39:00,POINT(13.469093 52.50285),POINT(13.439805 52.476429)
2015-12-01 00:48:00,POINT(13.307106 52.499911),POINT(13.327328 52.563484)
2015-12-01 10:00:00,POINT(13.4640672 52.5247951),POINT(13.37648 52.517716)
2015-12-01 17:20:00,POINT(13.510115 52.476584),POINT(13.413111 52.521606)
2015-12-01 00:51:00,POINT(13.386874 52.553286),POINT(13.41178 52.524479)
2015-12-01 05:02:00,POINT(13.334568 52.603163),POINT(13.369402 52.525085)
2015-12-01 01:01:00,POINT(13.328409 52.464996),POINT(13.41482 52.528339)
2015-12-01 00:59:00,POINT(13.317156 52.635932),POINT(13.387153 52.520271)
2015-12-01 01:07:00,POINT(13.455751 52.528357),POINT(13.459479 52.514431)
2015-12-01 01:13:00,POINT(13.342923 52.4122821),POINT(13.066775 52.390689)
2015-12-01 00:59:00,POINT(13.431704 52.467182),POINT(13.498228 52.510754)
2015-12-01 01:10:00,POINT(13.453319 52.513141),POINT(13.4221 52.496231)
2015-12-01 01:11:00,POINT(13.39356 52.412732),POINT(13.499436 52.522873)
2015-12-01 15:06:00,POINT(13.4151731 52.5491485),POINT(13.3379698 52.4540783)
2015-12-01 01:28:00,POINT(13.3652331 52.4313391),POINT(13.286578 52.536703)
2015-12-01 01:26:00,POINT(13.386976 52.488192),POINT(13.435246 52.481068)
2015-12-01 15:29:00,POINT(13.369075 52.492836),POINT(13.524028 52.446693)
2015-12-01 15:30:00,POINT(12.988401 52.406226),POINT(13.44704 52.521759)
2015-12-01 14:29:00,POINT(13.434999 52.440466),POINT(13.286578 52.536703)
2015-12-01 01:32:00,POINT(13.231279 52.434325),POINT(13.064085 52.382313)
2015-12-01 01:30:00,POINT(13.338488 52.493141),POINT(13.322581 52.511582)
2015-12-01 08:20:00,POINT(13.444017 52.4641),POINT(13.393157 52.541931)
2015-12-01 15:17:00,POINT(13.278142 52.50778),POINT(13.037786 52.396244)
2015-12-01 15:18:00,POINT(13.4028 52.523064),POINT(13.410947 52.503738)
2015-12-01 16:16:00,POINT(13.500642 52.526522),POINT(13.514525 52.533978)
2015-12-01 01:48:00,POINT(13.4480004 52.450619),POINT(13.1399502 52.4122528)
2015-12-01 01:48:00,POINT(13.4480004 52.450619),POINT(13.198747 52.53492)
2015-12-01 01:52:00,POINT(13.231279 52.434325),POINT(13.064085 52.382313)
2015-12-01 01:59:00,POINT(13.317399 52.635946),POINT(13.387153 52.520271)
2015-12-01 09:35:00,POINT(13.51212 52.554974),POINT(13.599573 52.547264)
2015-12-01 09:40:00,POINT(13.51212 52.554974),POINT(13.599573 52.547264)
2015-12-01 09:30:00,POINT(13.51212 52.554974),POINT(13.599573 52.547264)
2015-12-01 02:13:00,POINT(13.350589 52.40779),POINT(13.451926 52.503564)
2015-12-01 02:18:00,POINT(13.312517 52.445272),POINT(13.31166 52.447708)
2015-12-01 02:13:00,POINT(13.45696 52.512014),POINT(13.424926 52.500755)
2015-12-01 02:18:00,POINT(13.312517 52.445272),POINT(13.31166 52.447708)
2015-12-01 02:31:00,POINT(13.435594 52.480902),POINT(13.432809 52.456322)
2015-12-01 02:30:00,POINT(13.338424 52.493356),POINT(13.322581 52.511582)
2015-12-01 10:00:00,POINT(13.419544 52.394764),POINT(13.432737 52.465012)
2015-12-01 17:41:00,POINT(13.45049 52.511977),POINT(13.347552 52.546574)
2015-12-01 18:24:00,POINT(13.322327 52.501945),POINT(13.295954 52.519257)
2015-12-01 02:59:00,POINT(13.311732 52.63682),POINT(13.387153 52.520271)
2015-12-01 02:59:00,POINT(13.311732 52.63682),POINT(13.387153 52.520271)
2015-12-01 19:25:00,POINT(13.384565 52.504688),POINT(13.412925 52.538589)
2015-12-01 02:52:00,POINT(13.231279 52.434325),POINT(13.064085 52.382313)
2015-12-01 19:02:00,POINT(13.343012 52.502013),POINT(13.439805 52.476429)
2015-12-01 03:09:00,POINT(13.363637 52.548219),POINT(13.38886 52.53584)
2015-12-01 20:15:00,POINT(13.305286 52.511513),POINT(13.427872 52.459866)
2015-12-01 03:32:00,POINT(13.383699 52.512225),POINT(13.510149 52.454613)
2015-12-01 04:30:00,POINT(13.454075 52.421757),POINT(13.453851 52.429253)
2015-12-01 03:30:00,POINT(13.338424 52.493356),POINT(13.322581 52.511582)
2015-12-01 21:19:00,POINT(13.295954 52.519257),POINT(13.328078 52.429096)
2015-12-01 04:20:00,POINT(13.454075 52.421757),POINT(13.453851 52.429253)
2015-12-01 15:30:00,POINT(13.383699 52.512225),POINT(13.510149 52.454613)
2015-12-01 21:25:00,POINT(13.341417 52.525936),POINT(13.395867 52.582143)
2015-12-01 11:15:00,POINT(13.468288 52.517846),POINT(13.368924 52.525848)
2015-12-01 22:10:00,POINT(13.432753 52.490431),POINT(13.373435 52.509899)
2015-12-01 21:35:00,POINT(13.37976 52.528374),POINT(13.328141 52.522041)
2015-12-01 21:36:00,POINT(13.400452 52.530409),POINT(13.45103 52.51236)
2015-12-01 03:52:00,POINT(13.231279 52.434325),POINT(13.064085 52.382313)
2015-12-01 04:09:00,POINT(13.363637 52.548219),POINT(13.38886 52.53584)
2015-12-01 03:59:00,POINT(13.311732 52.63682),POINT(13.387153 52.520271)
2015-12-01 04:14:00,POINT(13.457183 52.511705),POINT(13.424926 52.500755)
2015-12-01 23:00:00,POINT(13.385331 52.540175),POINT(13.444828 52.463516)
2015-12-01 04:30:00,POINT(13.338424 52.493356),POINT(13.322581 52.511582)
2015-12-01 04:19:00,POINT(13.310947 52.448461),POINT(13.31166 52.447708)
2015-12-01 04:21:00,POINT(13.397987 52.491711),POINT(13.411267 52.521511)
2015-12-01 04:22:00,POINT(13.398033 52.491875),POINT(13.368924 52.525848)
2015-12-01 04:26:00,POINT(13.231279 52.434325),POINT(13.064085 52.382313)
2015-12-01 04:38:00,POINT(13.256515 52.410996),POINT(13.322299 52.505139)
2015-12-01 05:39:00,POINT(13.6080785 52.5347786),POINT(13.3724913 52.4752399)
2015-12-01 04:42:00,POINT(13.231279 52.434325),POINT(13.064085 52.382313)
2015-12-01 04:59:00,POINT(13.312277 52.636803),POINT(13.387153 52.520271)
2015-12-01 06:50:00,POINT(13.339713 52.499963),POINT(13.355389 52.538101)
2015-12-01 05:02:00,POINT(13.431998 52.518122),POINT(13.970303 52.862946)
2015-12-01 05:00:00,POINT(13.462766 52.49818),POINT(13.650767 52.15926)
2015-12-01 05:02:00,POINT(13.231279 52.434325),POINT(13.064085 52.382313)
2015-12-01 05:09:00,POINT(13.680155 52.470563),POINT(13.62528 52.454391)
2015-12-01 05:05:00,POINT(13.395193 52.493074),POINT(13.292837 52.55407)
2015-12-01 19:23:00,POINT(13.382107 52.466074),POINT(13.411267 52.521511)
2015-12-01 05:09:00,POINT(13.407628 52.53631),POINT(13.33526 52.48)
2015-12-01 05:10:00,POINT(13.240628 52.543125),POINT(13.299594 52.388451)
2015-12-01 05:18:00,POINT(13.532708 52.417867),POINT(13.38315 52.51474)
2015-12-01 05:10:00,POINT(13.240628 52.543125),POINT(13.299594 52.388451)
2015-12-01 05:10:00,POINT(13.363447 52.548332),POINT(13.38886 52.53584)
2015-12-01 05:10:00,POINT(13.384528 52.495836),POINT(13.455981 52.496901)
2015-12-01 07:00:00,POINT(13.240628 52.543125),POINT(13.299594 52.388451)
2015-12-01 05:15:00,POINT(13.456661 52.511904),POINT(13.424926 52.500755)
2015-12-01 05:25:00,POINT(13.395193 52.493074),POINT(13.292837 52.55407)
2015-12-01 05:26:00,POINT(13.606574 52.449817),POINT(13.37532 52.46948)
2015-12-01 05:45:00,POINT(13.38315 52.51474),POINT(13.532708 52.417867)
2015-12-01 05:18:00,POINT(13.38315 52.51474),POINT(13.532708 52.417867)
2015-12-01 05:26:00,POINT(13.6082198 52.5347318),POINT(13.3724913 52.4752399)
2015-12-01 05:33:00,POINT(13.378899 52.532328),POINT(13.32944 52.481647)
2015-12-01 05:00:00,POINT(13.411267 52.521512),POINT(13.374293 52.499587)
2015-12-01 05:00:00,POINT(13.411267 52.521512),POINT(13.374719 52.503806)
2015-12-01 05:28:00,POINT(13.231279 52.434325),POINT(13.064085 52.382313)
2015-12-01 05:00:00,POINT(13.411267 52.521512),POINT(13.374293 52.499587)
2015-12-01 05:28:00,POINT(13.6082198 52.5347318),POINT(13.365579 52.475468)
2015-12-01 05:30:00,POINT(13.338424 52.493356),POINT(13.322581 52.511582)
2015-12-01 05:33:00,POINT(13.341516 52.526278),POINT(13.292837 52.55407)
2015-12-01 05:41:00,POINT(13.377597 52.535195),POINT(13.32944 52.481647)
2015-12-01 23:34:00,POINT(13.05014 52.411369),POINT(13.429386 52.498169)
2015-12-01 05:43:00,POINT(13.377597 52.535195),POINT(13.32944 52.481647)
2015-12-01 05:38:00,POINT(13.231279 52.434325),POINT(13.064085 52.382313)
2015-12-01 05:48:00,POINT(13.372977 52.542605),POINT(13.54335 52.453678)
2015-12-01 05:54:00,POINT(13.448857 52.438391),POINT(13.368663 52.473453)
2015-12-01 05:59:00,POINT(13.362526 52.581554),POINT(13.444486 52.493011)
2015-12-01 05:47:00,POINT(13.32826 52.468469),POINT(13.365579 52.475468)
2015-12-01 05:48:00,POINT(13.231279 52.434325),POINT(13.064085 52.382313)
2015-12-01 05:52:00,POINT(13.383314 52.401785),POINT(13.416937 52.547764)
2015-12-01 05:53:00,POINT(13.423908 52.486574),POINT(13.444486 52.493011)
2015-12-01 05:59:00,POINT(13.37227 52.587219),POINT(13.362526 52.581554)
2015-12-01 06:02:00,POINT(13.377597 52.535195),POINT(13.32944 52.481647)
2015-12-01 05:51:00,POINT(13.424361 52.486823),POINT(13.444486 52.493011)
2015-12-01 05:51:00,POINT(13.424242 52.486688),POINT(13.444486 52.493011)
2015-12-01 08:00:00,POINT(13.38927 52.724666),POINT(13.427566 52.518528)
2015-12-01 08:30:00,POINT(13.334159 52.531264),POINT(13.491168 52.733147)
2015-12-01 05:58:00,POINT(13.231279 52.434325),POINT(13.064085 52.382313)
2015-12-01 06:01:00,POINT(13.377597 52.535195),POINT(13.32944 52.481647)
2015-12-01 06:01:00,POINT(13.328743 52.527339),POINT(13.292837 52.554069)
2015-12-01 06:00:00,POINT(13.312277 52.636803),POINT(13.387153 52.520271)
2015-12-01 08:00:00,POINT(13.334159 52.531264),POINT(13.491168 52.733147)
2015-12-01 06:00:00,POINT(13.334159 52.531264),POINT(13.491168 52.733147)
2015-12-01 06:09:00,POINT(13.389693 52.724353),POINT(13.374246 52.665916)
2015-12-01 06:10:00,POINT(13.680155 52.470563),POINT(13.62528 52.454391)
2015-12-01 06:05:00,POINT(13.3229793 52.6457296),POINT(13.314358 52.5864496)
2015-12-01 06:11:00,POINT(13.363637 52.548219),POINT(13.38886 52.53584)
2015-12-01 06:16:00,POINT(13.395382 52.491252),POINT(13.438267 52.419361)
2015-12-01 09:05:00,POINT(13.369402 52.525084),POINT(13.341735 52.525311)
2015-12-01 06:03:00,POINT(13.45197 52.518559),POINT(13.394355 52.546902)
2015-12-01 07:30:00,POINT(13.389693 52.724353),POINT(13.374246 52.665916)
2015-12-01 07:30:00,POINT(13.358775 52.550304),POINT(13.403141 52.583649)
2015-12-01 06:22:00,POINT(13.425123 52.486671),POINT(13.438267 52.419361)
2015-12-01 06:10:00,POINT(13.384124 52.496099),POINT(13.455981 52.496901)
2015-12-01 06:13:00,POINT(13.339713 52.499963),POINT(13.355389 52.538101)
2015-12-01 06:45:00,POINT(13.339713 52.499963),POINT(13.355389 52.538101)
2015-12-01 07:30:00,POINT(13.358775 52.550304),POINT(13.403141 52.583649)
2015-12-01 06:15:00,POINT(13.440137 52.551884),POINT(13.388794 52.531673)
2015-12-01 06:15:00,POINT(13.457451 52.511983),POINT(13.424926 52.500755)
2015-12-01 07:20:00,POINT(13.358775 52.550304),POINT(13.403141 52.583649)
2015-12-01 06:17:00,POINT(13.425123 52.486671),POINT(13.438267 52.419361)
2015-12-01 06:15:00,POINT(12.919349 52.38205),POINT(13.04126 52.392292)
2015-12-01 06:16:00,POINT(13.36128 52.50446),POINT(13.332927 52.506882)
2015-12-01 07:35:00,POINT(13.358775 52.550304),POINT(13.403141 52.583649)
2015-12-01 07:35:00,POINT(13.389693 52.724353),POINT(13.374246 52.665916)
2015-12-01 06:20:00,POINT(13.231279 52.434325),POINT(13.064085 52.382313)
2015-12-01 06:19:00,POINT(13.41489 52.5299),POINT(13.335813 52.505501)
2015-12-01 06:19:00,POINT(13.075407 52.577141),POINT(13.383663 52.555935)
2015-12-01 06:26:00,POINT(13.199757 52.6319),POINT(13.284237 52.518608)
2015-12-01 06:30:00,POINT(13.338424 52.493356),POINT(13.322581 52.511582)
2015-12-01 06:26:00,POINT(13.199978 52.631643),POINT(13.285825 52.557683)
2015-12-01 08:15:00,POINT(13.233835 52.614566),POINT(13.231376 52.622417)
2015-12-01 08:15:00,POINT(13.233835 52.614566),POINT(13.3495 52.604015)
2015-12-01 08:20:00,POINT(13.233835 52.614566),POINT(13.342632 52.595261)
2015-12-01 08:00:00,POINT(13.33087 52.505508),POINT(13.28515 52.491161)
2015-12-01 08:15:00,POINT(13.233835 52.614566),POINT(13.342632 52.595261)
2015-12-01 06:35:00,POINT(13.30085 52.493832),POINT(13.375105 52.452843)
2015-12-01 06:45:00,POINT(13.231279 52.434325),POINT(13.064085 52.382313)
2015-12-01 06:43:00,POINT(13.4631986 52.4879748),POINT(13.4841757 52.4944381)
2015-12-01 14:45:00,POINT(13.432208 52.518024),POINT(13.466607 52.745358)
2015-12-01 06:39:00,POINT(13.432208 52.518024),POINT(13.466607 52.745358)
2015-12-01 06:37:00,POINT(13.231279 52.434325),POINT(13.064085 52.382313)
2015-12-01 06:45:00,POINT(13.452636 52.502779),POINT(13.49576 52.51421)
2015-12-01 06:58:00,POINT(13.322672 52.505665),POINT(13.258514 52.508274)
2015-12-01 06:53:00,POINT(13.417552 52.543925),POINT(13.355912 52.5382)
2015-12-01 06:56:00,POINT(13.196948 52.513206),POINT(13.365579 52.475468)
2015-12-01 06:54:00,POINT(13.339713 52.499963),POINT(13.355389 52.538101)
2015-12-01 13:19:00,POINT(13.417886 52.548065),POINT(13.422307 52.53299)
2015-12-01 06:51:00,POINT(13.396568 52.449672),POINT(13.295954 52.519257)
2015-12-01 06:58:00,POINT(13.231279 52.434325),POINT(13.064085 52.382313)
2015-12-01 08:25:00,POINT(13.33087 52.505508),POINT(13.28515 52.491161)
2015-12-01 07:20:00,POINT(13.322672 52.505665),POINT(13.305212 52.505051)
2015-12-01 07:11:00,POINT(13.60547 52.542132),POINT(13.56447 52.519012)
2015-12-01 06:57:00,POINT(13.320969 52.499963),POINT(13.258514 52.508274)
2015-12-01 06:55:00,POINT(13.322672 52.505665),POINT(13.305212 52.505051)
2015-12-01 07:01:00,POINT(13.526861 52.424314),POINT(13.496251 52.441711)
2015-12-01 08:00:00,POINT(13.33087 52.505508),POINT(13.28515 52.491161)
2015-12-01 07:12:00,POINT(13.540553 52.435101),POINT(13.351927 52.507622)
2015-12-01 08:20:00,POINT(13.33087 52.505508),POINT(13.28515 52.491161)
2015-12-01 07:08:00,POINT(13.283043 52.506454),POINT(13.365579 52.475468)
2015-12-01 08:10:00,POINT(13.33087 52.505508),POINT(13.28515 52.491161)
2015-12-01 08:00:00,POINT(13.332367 52.507332),POINT(13.28515 52.491161)
2015-12-01 07:18:00,POINT(13.231291 52.434249),POINT(13.064085 52.382313)
2015-12-01 07:06:00,POINT(13.388728 52.493748),POINT(13.279574 52.507141)
2015-12-01 08:15:00,POINT(13.332367 52.507332),POINT(13.28515 52.491161)
2015-12-01 07:15:00,POINT(13.540553 52.435101),POINT(13.353825 52.499645)
2015-12-01 07:50:00,POINT(13.47889 52.451752),POINT(13.4428 52.47794)
2015-12-01 07:11:00,POINT(13.388676 52.526166),POINT(13.344262 52.532326)
2015-12-01 07:09:00,POINT(13.473085 52.513389),POINT(13.461567 52.517227)
2015-12-01 07:21:00,POINT(13.13609 52.368589),POINT(13.075194 52.393912)
2015-12-01 07:15:00,POINT(13.407861 52.549961),POINT(13.435456 52.580162)
2015-12-01 07:12:00,POINT(13.363783 52.548132),POINT(13.38886 52.53584)
2015-12-01 07:13:00,POINT(13.13609 52.368589),POINT(13.075194 52.393912)
2015-12-01 09:30:00,POINT(13.42466 52.54149),POINT(13.513522 52.390793)
2015-12-01 07:18:00,POINT(13.469093 52.50285),POINT(13.292837 52.55407)
2015-12-01 08:45:00,POINT(13.417748 52.499046),POINT(13.314519 52.4902)
2015-12-01 07:17:00,POINT(13.334159 52.531264),POINT(13.491168 52.733147)
2015-12-01 07:16:00,POINT(13.388319 52.548817),POINT(13.435456 52.580162)
2015-12-01 07:17:00,POINT(13.388319 52.548817),POINT(13.435456 52.580162)
2015-12-01 07:21:00,POINT(13.3229793 52.6457296),POINT(13.314358 52.5864496)
2015-12-01 07:21:00,POINT(13.388319 52.548817),POINT(13.355912 52.5382)
2015-12-01 09:30:00,POINT(13.42466 52.54149),POINT(13.519529 52.389046)
2015-12-01 07:40:00,POINT(13.479885 52.483575),POINT(13.685937 52.44339)
2015-12-01 07:37:00,POINT(13.624687 52.450827),POINT(13.5246683 52.4537333)
2015-12-01 14:44:00,POINT(13.3222749 52.5757931),POINT(13.291253 52.590484)
2015-12-01 09:30:00,POINT(13.346699 52.493565),POINT(13.418102 52.541973)
2015-12-01 07:20:00,POINT(13.462435 52.498621),POINT(13.369402 52.525085)
2015-12-01 07:22:00,POINT(13.284444 52.478878),POINT(13.2784 52.51559)
2015-12-01 14:44:00,POINT(13.291253 52.590484),POINT(13.3222749 52.5757931)
2015-12-01 07:36:00,POINT(13.445399 52.526649),POINT(13.390377 52.52681)
2015-12-01 07:29:00,POINT(13.346396 52.497482),POINT(13.328703 52.534313)
2015-12-01 07:26:00,POINT(13.343583 52.53603),POINT(13.355912 52.5382)
2015-12-01 07:26:00,POINT(13.218907 52.631119),POINT(13.284237 52.518608)
2015-12-01 07:30:00,POINT(13.36128 52.50446),POINT(13.332927 52.506882)
2015-12-01 07:33:00,POINT(13.403873 52.524522),POINT(13.375944 52.509647)
2015-12-01 07:36:00,POINT(13.285825 52.557683),POINT(13.375944 52.509647)
2015-12-01 10:00:00,POINT(13.513522 52.390792),POINT(13.197477 52.534798)
2015-12-01 07:37:00,POINT(13.5246683 52.4537333),POINT(13.624687 52.450827)
2015-12-01 07:28:00,POINT(13.52633 52.458835),POINT(13.332927 52.506882)
2015-12-01 07:25:00,POINT(13.480068 52.453412),POINT(13.4428 52.47794)
2015-12-01 07:29:00,POINT(13.510149 52.454611),POINT(13.332927 52.506882)
2015-12-01 07:32:00,POINT(13.513522 52.390792),POINT(13.197695 52.534682)
2015-12-01 07:41:00,POINT(13.218907 52.631119),POINT(13.285825 52.557683)
2015-12-01 07:33:00,POINT(13.480068 52.453412),POINT(13.4428 52.47794)
2015-12-01 07:35:00,POINT(13.231279 52.434325),POINT(13.064085 52.382313)
2015-12-01 07:32:00,POINT(13.513522 52.390792),POINT(13.197477 52.534798)
2015-12-01 07:36:00,POINT(13.322469 52.600255),POINT(13.270088 52.507763)
2015-12-01 07:41:00,POINT(13.36128 52.50446),POINT(13.332927 52.506882)
2015-12-01 07:39:00,POINT(13.232463 52.434525),POINT(13.292837 52.55407)
2015-12-01 07:45:00,POINT(13.537155 52.527575),POINT(13.566511 52.555851)
2015-12-01 07:38:00,POINT(13.094605 52.388007),POINT(13.135005 52.379807)
2015-12-01 07:42:00,POINT(13.42204 52.54436),POINT(13.40297 52.5300431)
2015-12-01 15:43:00,POINT(13.306804 52.618165),POINT(13.3926698 52.5137224)
2015-12-01 07:48:00,POINT(13.401882 52.525016),POINT(13.370084 52.534687)
2015-12-01 07:40:00,POINT(13.454121 52.515385),POINT(13.42117 52.540482)
2015-12-01 07:40:00,POINT(13.321221 52.454059),POINT(13.232216 52.436398)
2015-12-01 07:46:00,POINT(13.453977 52.515659),POINT(13.407685 52.48922)
2015-12-01 07:55:00,POINT(13.39703 52.536989),POINT(13.122174 52.382999)
2015-12-01 07:58:00,POINT(13.138524 52.366908),POINT(13.326514 52.516721)
2015-12-01 07:47:00,POINT(13.45052 52.522528),POINT(13.42117 52.540482)
2015-12-01 07:56:00,POINT(13.305212 52.505051),POINT(13.065559 52.391033)
2015-12-01 07:49:00,POINT(13.510149 52.454611),POINT(13.332927 52.506882)
2015-12-01 07:59:00,POINT(13.327383 52.475852),POINT(13.422341 52.496132)
2015-12-01 07:45:00,POINT(13.385983 52.466377),POINT(13.47542 52.552979)
2015-12-01 08:00:00,POINT(13.440464 52.489735),POINT(13.279762 52.50761)
2015-12-01 07:57:00,POINT(13.387153 52.52027),POINT(13.382077 52.504538)
2015-12-01 12:50:00,POINT(13.761324 52.526463),POINT(13.16687 52.541)
2015-12-01 07:59:00,POINT(13.108867 52.469635),POINT(13.411952 52.535906)
2015-12-01 11:55:00,POINT(13.3492 52.53435),POINT(13.411201 52.567318)
2015-12-01 19:59:00,POINT(13.374293 52.499588),POINT(13.34922 52.540932)
2015-12-01 08:01:00,POINT(13.214903 52.435902),POINT(13.064085 52.382313)
2015-12-01 07:59:00,POINT(13.469093 52.50285),POINT(13.332927 52.506882)
2015-12-01 08:06:00,POINT(13.355912 52.5382),POINT(13.396231 52.537994)
2015-12-01 08:45:00,POINT(13.417748 52.499046),POINT(13.314519 52.4902)
2015-12-01 09:00:00,POINT(13.434769 52.486186),POINT(13.325411 52.494904)
2015-12-01 10:00:00,POINT(13.31982 52.57016),POINT(13.364283 52.563854)
2015-12-01 08:07:00,POINT(13.464792 52.524412),POINT(13.47542 52.552979)
2015-12-01 08:02:00,POINT(13.469093 52.50285),POINT(13.332927 52.506882)
2015-12-01 08:07:00,POINT(13.61005 52.48204),POINT(13.579543 52.458692)
2015-12-01 08:50:00,POINT(13.417748 52.499046),POINT(13.314519 52.4902)
2015-12-01 08:17:00,POINT(13.230493 52.431189),POINT(13.064085 52.382313)
2015-12-01 08:05:00,POINT(13.385843 52.511829),POINT(13.32312 52.501862)
2015-12-01 08:04:00,POINT(13.6027301 52.441234),POINT(13.522953 52.440696)
2015-12-01 08:07:00,POINT(13.469093 52.50285),POINT(13.38099 52.466339)
2015-12-01 08:07:00,POINT(13.46171 52.524014),POINT(13.38099 52.466339)
2015-12-01 08:26:00,POINT(13.342285 52.473663),POINT(13.306391 52.509361)
2015-12-01 08:15:00,POINT(13.302499 52.505007),POINT(13.02574 52.385189)
2015-12-01 08:16:00,POINT(13.302499 52.505007),POINT(13.036298 52.393005)
2015-12-01 08:10:00,POINT(13.369402 52.525084),POINT(13.341735 52.525311)
2015-12-01 08:25:00,POINT(13.366183 52.502093),POINT(13.40377 52.529991)
2015-12-01 08:26:00,POINT(13.363321 52.538903),POINT(13.396231 52.537994)
2015-12-01 09:50:00,POINT(13.44806 52.418819),POINT(13.448721 52.50589)
2015-12-01 08:14:00,POINT(13.468851 52.55392),POINT(13.45062 52.55344)
2015-12-01 08:22:00,POINT(13.464227 52.499273),POINT(13.389571 52.50899)
2015-12-01 08:22:00,POINT(13.402916 52.546886),POINT(13.121607 52.390434)
2015-12-01 08:17:00,POINT(13.3318205 52.5074149),POINT(13.19692 52.43559)
2015-12-01 09:55:00,POINT(13.44806 52.418819),POINT(13.448721 52.50589)
2015-12-01 08:16:00,POINT(13.263854 52.742105),POINT(13.3819 52.520733)
2015-12-01 08:17:00,POINT(13.408799 52.512238),POINT(13.273323 52.537025)
2015-12-01 08:21:00,POINT(13.410115 52.532618),POINT(13.392338 52.529643)
2015-12-01 09:00:00,POINT(13.408613 52.537245),POINT(13.411267 52.521511)
2015-12-01 08:22:00,POINT(13.420944 52.535722),POINT(13.40931 52.56736)
2015-12-01 09:55:00,POINT(13.371812 52.45949),POINT(13.342561 52.50211)
2015-12-01 10:15:00,POINT(13.373446 52.531329),POINT(13.313393 52.523881)
2015-12-01 08:16:00,POINT(13.305212 52.505051),POINT(13.036298 52.393005)
2015-12-01 08:20:00,POINT(13.42871 52.589229),POINT(13.387153 52.520271)
2015-12-01 08:21:00,POINT(13.342285 52.473663),POINT(13.386814 52.518604)
2015-12-01 08:52:00,POINT(13.197652 52.53476),POINT(13.411952 52.535906)
2015-12-01 08:19:00,POINT(13.387153 52.520271),POINT(13.332927 52.506882)
2015-12-01 08:21:00,POINT(13.413215 52.521919),POINT(13.031189 52.416061)
2015-12-01 08:22:00,POINT(13.030662 52.416453),POINT(13.38838 52.55045)
2015-12-01 08:23:00,POINT(13.369458 52.525693),POINT(13.375944 52.509647)
2015-12-01 08:23:00,POINT(13.342285 52.473663),POINT(13.30816 52.502762)
2015-12-01 08:28:00,POINT(13.433707 52.503224),POINT(13.415681 52.527607)
2015-12-01 08:29:00,POINT(13.454085 52.515774),POINT(13.466295 52.50861)
2015-12-01 08:29:00,POINT(13.408072 52.511618),POINT(13.389862 52.510548)
2015-12-01 08:26:00,POINT(13.384771 52.453449),POINT(13.332705 52.474438)
2015-12-01 08:30:00,POINT(13.495494 52.505657),POINT(13.366423 52.503632)
2015-12-01 08:31:00,POINT(13.453749 52.52254),POINT(13.322581 52.511581)
2015-12-01 08:30:00,POINT(13.357818 52.49637),POINT(13.685259 52.521969)
2015-12-01 08:29:00,POINT(13.40996 52.489128),POINT(13.416613 52.52853)
2015-12-01 08:35:00,POINT(13.375383 52.503832),POINT(13.40377 52.529991)
2015-12-01 08:28:00,POINT(13.231455 52.434723),POINT(13.064085 52.382313)
2015-12-01 08:30:00,POINT(13.408799 52.512238),POINT(13.279712 52.533989)
2015-12-01 08:37:00,POINT(13.355389 52.538101),POINT(13.398927 52.525719)
2015-12-01 08:46:00,POINT(13.355969 52.520239),POINT(13.342875 52.4781)
2015-12-01 08:38:00,POINT(13.231279 52.434325),POINT(13.064085 52.382313)
2015-12-01 09:40:00,POINT(13.614966 52.372086),POINT(13.412125 52.521618)
2015-12-01 08:31:00,POINT(13.456161 52.523071),POINT(13.4215 52.53623)
2015-12-01 08:34:00,POINT(13.410115 52.532618),POINT(13.392338 52.529643)
2015-12-01 08:31:00,POINT(13.456161 52.523071),POINT(13.4215 52.53623)
2015-12-01 11:30:00,POINT(13.605794 52.535946),POINT(13.4753 52.513615)
2015-12-01 09:20:00,POINT(13.614966 52.372086),POINT(13.412125 52.521618)
2015-12-01 08:33:00,POINT(13.155895 52.54948),POINT(13.158376 52.562183)
2015-12-01 08:36:00,POINT(13.335204 52.47539),POINT(13.33392 52.476212)
2015-12-01 08:35:00,POINT(13.204024 52.606516),POINT(13.428196 52.459187)
2015-12-01 08:38:00,POINT(13.355389 52.538101),POINT(13.398927 52.525719)
2015-12-01 08:41:00,POINT(13.464227 52.499273),POINT(13.389571 52.50899)
2015-12-01 08:37:00,POINT(13.343658 52.468445),POINT(13.327906 52.521076)
2015-12-01 08:39:00,POINT(13.594266 52.440016),POINT(13.276432 52.518711)
2015-12-01 11:30:00,POINT(13.4753 52.513615),POINT(13.605794 52.535946)
2015-12-01 08:38:00,POINT(13.383551 52.486568),POINT(13.516817 52.390347)
2015-12-01 08:41:00,POINT(13.326587 52.532432),POINT(13.319003 52.505223)
2015-12-01 08:44:00,POINT(13.066688 52.391548),POINT(13.407962 52.500145)
2015-12-01 08:42:00,POINT(13.487189 52.465923),POINT(13.45843 52.43914)
2015-12-01 08:52:00,POINT(13.361498 52.536617),POINT(13.398927 52.525719)
2015-12-01 08:51:00,POINT(13.416021 52.544709),POINT(13.32129 52.51148)
2015-12-01 08:52:00,POINT(13.355389 52.538101),POINT(13.398927 52.525719)
2015-12-01 09:01:00,POINT(13.02796 52.389458),POINT(13.246668 52.400812)
2015-12-01 08:43:00,POINT(13.605794 52.535946),POINT(13.4753 52.513615)
2015-12-01 11:35:00,POINT(13.605794 52.535946),POINT(13.4753 52.513615)
2015-12-01 08:46:00,POINT(13.392667 52.553404),POINT(13.34973 52.539268)
2015-12-01 08:49:00,POINT(13.328597 52.477671),POINT(13.376454 52.509338)
2015-12-01 08:53:00,POINT(13.47731 52.4799),POINT(13.56368 52.54108)
2015-12-01 08:50:00,POINT(13.327995 52.533188),POINT(13.317401 52.504457)
2015-12-01 08:52:00,POINT(13.320111 52.47982),POINT(13.390863 52.506673)
2015-12-01 08:51:00,POINT(13.42984 52.510302),POINT(13.448947 52.501724)
2015-12-01 10:00:00,POINT(13.371812 52.45949),POINT(13.342561 52.50211)
2015-12-01 08:50:00,POINT(13.402205 52.511726),POINT(13.41216 52.541084)
2015-12-01 08:49:00,POINT(13.4954776 52.5402014),POINT(13.4210176 52.5249378)
2015-12-01 09:55:00,POINT(13.371812 52.45949),POINT(13.322581 52.511581)
2015-12-01 08:50:00,POINT(13.426178 52.474021),POINT(13.343837 52.536182)
2015-12-01 08:49:00,POINT(13.525981 52.481038),POINT(13.376048 52.499756)
2015-12-01 10:00:00,POINT(13.371812 52.45949),POINT(13.322581 52.511581)
2015-12-01 08:53:00,POINT(13.426021 52.545566),POINT(13.39318 52.5153)
2015-12-01 08:54:00,POINT(13.443692 52.469282),POINT(13.47466 52.43049)
2015-12-01 08:51:00,POINT(13.231279 52.434325),POINT(13.064085 52.382313)
2015-12-01 08:52:00,POINT(13.470293 52.497149),POINT(13.384933 52.530933)
2015-12-01 09:07:00,POINT(13.27901 52.4404),POINT(13.432208 52.518025)
2015-12-01 08:53:00,POINT(13.496364 52.507139),POINT(13.366423 52.503632)
2015-12-01 08:56:00,POINT(13.432813 52.510287),POINT(13.448947 52.501724)
2015-12-01 09:02:00,POINT(13.3779423 52.5297758),POINT(13.4045 52.544854)
2015-12-01 10:40:00,POINT(13.388794 52.531673),POINT(13.42688 52.57198)
2015-12-01 09:03:00,POINT(13.401583 52.533142),POINT(13.385614 52.518799)
2015-12-01 09:06:00,POINT(13.27901 52.4404),POINT(13.432208 52.518025)
2015-12-01 09:00:00,POINT(13.4533545 52.4291356),POINT(13.47466 52.43049)
2015-12-01 09:06:00,POINT(13.27901 52.4404),POINT(13.432208 52.518025)
2015-12-01 09:13:00,POINT(13.343837 52.536182),POINT(13.393882 52.488937)
2015-12-01 09:05:00,POINT(13.493553 52.511024),POINT(13.48705 52.540401)
2015-12-01 09:07:00,POINT(13.27901 52.4404),POINT(13.43162 52.519578)
2015-12-01 09:08:00,POINT(13.365579 52.475468),POINT(13.389457 52.398563)
2015-12-01 09:04:00,POINT(13.574018 52.412712),POINT(13.534417 52.409153)
2015-12-01 09:06:00,POINT(13.391764 52.530289),POINT(13.369386 52.525043)
2015-12-01 09:06:00,POINT(13.433771 52.557129),POINT(13.44198 52.53949)
2015-12-01 09:07:00,POINT(13.4379 52.507691),POINT(13.448947 52.501724)
2015-12-01 10:45:00,POINT(13.388319 52.548817),POINT(13.273501 52.436187)
2015-12-01 09:06:00,POINT(13.5669028 52.4454555),POINT(13.522953 52.440696)
2015-12-01 09:11:00,POINT(13.411267 52.521511),POINT(13.303832 52.468555)
2015-12-01 09:15:00,POINT(13.231279 52.434325),POINT(13.064085 52.382313)
2015-12-01 09:07:00,POINT(13.282965 52.501179),POINT(13.319003 52.505223)
2015-12-01 09:08:00,POINT(13.27901 52.4404),POINT(13.432744 52.518195)
2015-12-01 22:00:00,POINT(13.410947 52.503738),POINT(13.341417 52.525936)
2015-12-01 09:11:00,POINT(13.292837 52.55407),POINT(13.380344 52.571854)
2015-12-01 09:08:00,POINT(13.433771 52.557129),POINT(13.44198 52.53949)
2015-12-01 12:25:00,POINT(13.326944 52.512531),POINT(13.380105 52.522556)
2015-12-01 09:30:00,POINT(13.614966 52.372086),POINT(13.412125 52.521618)
2015-12-01 09:17:00,POINT(13.273785 52.438719),POINT(13.44836 52.499607)
2015-12-01 09:10:00,POINT(13.299885 52.50696),POINT(13.383422 52.555237)
2015-12-01 09:11:00,POINT(13.411267 52.521511),POINT(13.309276 52.467342)
2015-12-01 09:09:00,POINT(13.490981 52.40501),POINT(13.443692 52.469282)
2015-12-01 09:14:00,POINT(13.433519 52.556928),POINT(13.4545 52.53479)
2015-12-01 09:14:00,POINT(13.69619 52.525478),POINT(13.251799 52.424198)
2015-12-01 18:20:00,POINT(13.386709 52.519749),POINT(13.518767 52.388768)
2015-12-01 09:15:00,POINT(13.381937 52.516511),POINT(13.401393 52.529781)
2015-12-01 11:30:00,POINT(13.363054 52.414398),POINT(13.397615 52.486399)
2015-12-01 09:11:00,POINT(13.312798 52.571065),POINT(13.35208 52.605148)
2015-12-01 09:14:00,POINT(13.300712 52.488316),POINT(13.414153 52.542514)
2015-12-01 11:00:00,POINT(13.388794 52.531673),POINT(13.42688 52.57198)
2015-12-01 09:11:00,POINT(13.314387 52.472462),POINT(13.69619 52.525478)
2015-12-01 09:30:00,POINT(13.614966 52.372086),POINT(13.411267 52.521511)
2015-12-01 09:13:00,POINT(13.342561 52.50211),POINT(13.414153 52.542514)
2015-12-01 18:20:00,POINT(13.386709 52.519749),POINT(13.518767 52.388768)
2015-12-01 10:30:00,POINT(13.433519 52.556928),POINT(13.4545 52.53479)
2015-12-01 09:36:00,POINT(13.289847 52.456932),POINT(13.064085 52.382313)
2015-12-01 09:26:00,POINT(13.427993 52.500885),POINT(13.359395 52.546494)
2015-12-01 09:30:00,POINT(13.614966 52.372086),POINT(13.411267 52.521511)
2015-12-01 10:30:00,POINT(13.283472 52.437299),POINT(13.326944 52.512531)
2015-12-01 13:16:00,POINT(13.4359377 52.4377339),POINT(13.4132147 52.5219184)
2015-12-01 13:16:00,POINT(13.4359377 52.4377339),POINT(13.4132147 52.5219184)
2015-12-01 10:30:00,POINT(13.292683 52.44297),POINT(13.326944 52.512531)
2015-12-01 08:50:00,POINT(13.346921 52.437797),POINT(13.25763 52.43339)
2015-12-01 10:40:00,POINT(13.528592 52.483119),POINT(13.386351 52.484978)
2015-12-01 09:28:00,POINT(13.31286 52.499876),POINT(13.390863 52.506673)
2015-12-01 09:23:00,POINT(13.429874 52.534294),POINT(13.513522 52.390793)
2015-12-01 13:45:00,POINT(13.4359377 52.4377339),POINT(13.411267 52.521512)
2015-12-01 09:24:00,POINT(13.447555 52.502127),POINT(13.448947 52.501724)
2015-12-01 09:25:00,POINT(13.383003 52.530812),POINT(13.368924 52.525848)
2015-12-01 09:26:00,POINT(13.231291 52.434249),POINT(13.064085 52.382313)
2015-12-01 09:30:00,POINT(13.346921 52.437797),POINT(13.25763 52.43339)
2015-12-01 10:30:00,POINT(13.49836 52.509772),POINT(13.478884 52.491093)
2015-12-01 10:40:00,POINT(13.322497 52.458729),POINT(13.327139 52.439919)
2015-12-01 09:28:00,POINT(13.375573 52.573731),POINT(13.373284 52.556938)
2015-12-01 09:30:00,POINT(13.346921 52.437797),POINT(13.25763 52.43339)
2015-12-01 10:40:00,POINT(13.49836 52.509772),POINT(13.478884 52.491093)
2015-12-01 09:31:00,POINT(13.49836 52.509772),POINT(13.478884 52.491093)
2015-12-01 10:50:00,POINT(13.49836 52.509772),POINT(13.478884 52.491093)
2015-12-01 10:55:00,POINT(13.49836 52.509772),POINT(13.478884 52.491093)
2015-12-01 09:28:00,POINT(13.320329 52.456654),POINT(13.343915 52.48954)
2015-12-01 09:29:00,POINT(13.300291 52.506957),POINT(13.383422 52.555237)
2015-12-01 09:33:00,POINT(13.3304375 52.490333),POINT(13.390509 52.5145916)
2015-12-01 09:35:00,POINT(13.466213 52.506119),POINT(13.388905 52.516899)
2015-12-01 09:34:00,POINT(13.458323 52.510793),POINT(13.29184 52.50338)
2015-12-01 09:32:00,POINT(13.5801 52.459004),POINT(13.427018 52.532771)
2015-12-01 09:47:00,POINT(13.383584 52.486604),POINT(13.321685 52.45668)
2015-12-01 09:50:00,POINT(13.3188185 52.4861693),POINT(13.2753116 52.5979944)
2015-12-01 09:44:00,POINT(13.277548 52.519916),POINT(13.20114 52.63205)
2015-12-01 09:44:00,POINT(13.277548 52.519916),POINT(13.285825 52.557683)
2015-12-01 09:46:00,POINT(13.36911 52.525897),POINT(13.341735 52.525311)
2015-12-01 18:20:00,POINT(13.386011 52.5215),POINT(13.518767 52.388768)
2015-12-01 09:45:00,POINT(13.379355 52.572145),POINT(13.373284 52.556938)
2015-12-01 09:44:00,POINT(13.442488 52.498878),POINT(13.39885 52.525482)
2015-12-01 09:44:00,POINT(13.3796958 52.5100232),POINT(13.3858505 52.4934604)
2015-12-01 09:42:00,POINT(13.42236 52.49605),POINT(13.4062 52.533951)
2015-12-01 09:45:00,POINT(13.3188185 52.4861693),POINT(13.2793324 52.5949669)
2015-12-01 09:47:00,POINT(13.433503 52.557202),POINT(13.4545 52.53479)
2015-12-01 09:48:00,POINT(13.322828 52.464869),POINT(13.064085 52.382313)
2015-12-01 09:51:00,POINT(13.386155 52.558971),POINT(13.29915 52.426868)
2015-12-01 09:44:00,POINT(13.520043 52.513748),POINT(13.523484 52.496944)
2015-12-01 09:48:00,POINT(13.369402 52.525085),POINT(13.272475 52.499199)
2015-12-01 09:52:00,POINT(13.314701 52.592608),POINT(13.366723 52.597275)
2015-12-01 09:55:00,POINT(13.272706 52.536655),POINT(13.270475 52.537786)
2015-12-01 10:01:00,POINT(13.270485 52.537745),POINT(13.202103 52.554256)
2015-12-01 10:03:00,POINT(13.270825 52.537745),POINT(13.38642 52.49263)
2015-12-01 09:57:00,POINT(13.369402 52.525085),POINT(13.272475 52.499199)
2015-12-01 10:11:00,POINT(13.337256 52.503929),POINT(13.389259 52.513878)
2015-12-01 09:59:00,POINT(13.322855 52.464562),POINT(13.064085 52.382313)
2015-12-01 10:00:00,POINT(13.3304375 52.490333),POINT(13.3759441 52.5096488)
2015-12-01 10:10:00,POINT(13.322152 52.455067),POINT(13.326944 52.512531)
2015-12-01 12:10:00,POINT(13.42236 52.49605),POINT(13.369386 52.525043)
2015-12-01 09:59:00,POINT(13.331622 52.50728),POINT(13.33966 52.500031)
2015-12-01 10:01:00,POINT(13.3302135 52.4904691),POINT(13.3759441 52.5096488)
2015-12-01 10:02:00,POINT(13.328797 52.474155),POINT(13.324135 52.432651)
2015-12-01 10:06:00,POINT(13.334962 52.450678),POINT(13.359193 52.528603)
2015-12-01 10:08:00,POINT(13.323169 52.464276),POINT(13.064085 52.382313)
2015-12-01 10:08:00,POINT(13.42236 52.49605),POINT(13.4062 52.533951)
2015-12-01 10:06:00,POINT(13.328893 52.478943),POINT(13.342561 52.50211)
2015-12-01 10:08:00,POINT(13.325276 52.495069),POINT(13.42551 52.48946)
2015-12-01 10:03:00,POINT(13.270825 52.537745),POINT(13.202103 52.554256)
2015-12-01 10:06:00,POINT(13.402138 52.547481),POINT(13.387545 52.523387)
2015-12-01 10:05:00,POINT(13.418168 52.536442),POINT(13.40434 52.565708)
2015-12-01 09:42:00,POINT(13.42236 52.49605),POINT(13.4062 52.533951)
2015-12-01 10:30:00,POINT(13.048492 52.411916),POINT(13.057884 52.403084)
2015-12-01 10:09:00,POINT(13.418297 52.49879),POINT(13.4062 52.533951)
2015-12-01 10:09:00,POINT(13.325401 52.494607),POINT(13.42551 52.48946)
2015-12-01 10:10:00,POINT(13.605794 52.535946),POINT(13.62274 52.535851)
2015-12-01 10:08:00,POINT(13.32575 52.494596),POINT(13.42551 52.48946)
2015-12-01 10:30:00,POINT(13.322152 52.455067),POINT(13.326944 52.512531)
2015-12-01 10:11:00,POINT(13.360507 52.484532),POINT(13.394934 52.493252)
2015-12-01 10:12:00,POINT(12.9142733 52.4058976),POINT(13.035833 52.404174)
2015-12-01 10:10:00,POINT(13.048492 52.411916),POINT(13.057884 52.403084)
2015-12-01 10:18:00,POINT(13.426011 52.53683),POINT(13.336067 52.502106)
2015-12-01 13:00:00,POINT(13.369522 52.525577),POINT(13.067157 52.390931)
2015-12-01 10:14:00,POINT(13.165548 52.524284),POINT(13.378288 52.509605)
2015-12-01 10:14:00,POINT(13.32955 52.477829),POINT(13.363822 52.503613)
2015-12-01 10:16:00,POINT(13.40493 52.50842),POINT(13.466452 52.512901)
2015-12-01 10:16:00,POINT(13.330055 52.477834),POINT(13.56102 52.50263)
2015-12-01 14:45:00,POINT(13.51212 52.554974),POINT(13.50476 52.548866)
2015-12-01 10:17:00,POINT(12.9142733 52.4058976),POINT(13.0666881 52.3915485)
2015-12-01 10:17:00,POINT(13.330055 52.477834),POINT(13.56102 52.50263)
2015-12-01 10:14:00,POINT(13.272706 52.536655),POINT(13.209854 52.547859)
2015-12-01 15:55:00,POINT(13.499017 52.544762),POINT(13.49775 52.512314)
2015-12-01 10:23:00,POINT(13.347572 52.541281),POINT(13.372115 52.50322)
2015-12-01 10:15:00,POINT(13.347572 52.541281),POINT(13.372115 52.50322)
2015-12-01 10:14:00,POINT(13.430159 52.503269),POINT(13.44067 52.547642)
2015-12-01 10:16:00,POINT(13.297363 52.581675),POINT(13.285825 52.557683)
2015-12-01 10:23:00,POINT(13.4702056 52.532491),POINT(13.388014 52.519326)
2015-12-01 15:55:00,POINT(13.576466 52.454826),POINT(13.49775 52.512314)
2015-12-01 10:17:00,POINT(13.272706 52.536655),POINT(13.21153 52.547798)
2015-12-01 10:17:00,POINT(13.373446 52.531329),POINT(13.471071 52.496685)
2015-12-01 10:18:00,POINT(13.330055 52.477834),POINT(13.42362 52.509272)
2015-12-01 10:24:00,POINT(13.3272534 52.52198),POINT(13.373284 52.556938)
2015-12-01 10:26:00,POINT(13.379426 52.536578),POINT(13.36654 52.499599)
2015-12-01 10:27:00,POINT(13.379426 52.536578),POINT(13.36654 52.499599)
2015-12-01 10:21:00,POINT(13.047194 52.411998),POINT(12.980586 52.341038)
2015-12-01 10:29:00,POINT(13.233479 52.466844),POINT(13.064085 52.382313)
2015-12-01 10:23:00,POINT(13.334648 52.595665),POINT(13.412125 52.521619)
2015-12-01 10:22:00,POINT(13.3272534 52.52198),POINT(13.373284 52.556938)
2015-12-01 10:45:00,POINT(13.4702056 52.532491),POINT(13.388014 52.519326)
2015-12-01 10:40:00,POINT(13.048492 52.411916),POINT(13.057884 52.403084)
2015-12-01 11:30:00,POINT(13.384771 52.453449),POINT(13.363054 52.414398)
2015-12-01 10:29:00,POINT(13.326709 52.519071),POINT(13.394885 52.536834)
2015-12-01 10:30:00,POINT(13.410947 52.503738),POINT(13.373284 52.556938)
2015-12-01 13:15:00,POINT(13.363054 52.414398),POINT(13.397615 52.486399)
2015-12-01 13:15:00,POINT(13.363054 52.414398),POINT(13.397615 52.486399)
2015-12-01 10:47:00,POINT(13.424884 52.494107),POINT(13.4169046 52.5239665)
2015-12-01 10:36:00,POINT(13.414119 52.550637),POINT(13.345143 52.507301)
2015-12-01 10:34:00,POINT(13.351957 52.544937),POINT(13.32721 52.496696)
2015-12-01 10:37:00,POINT(13.19098 52.433333),POINT(13.064085 52.382313)
2015-12-01 13:36:00,POINT(13.26004 52.451265),POINT(13.376454 52.509338)
2015-12-01 10:42:00,POINT(13.418027 52.515499),POINT(13.342669 52.526371)
2015-12-01 11:00:00,POINT(13.418102 52.541973),POINT(13.441785 52.547184)
2015-12-01 10:38:00,POINT(13.369402 52.5250839),POINT(13.4262346 52.4986775)
2015-12-01 10:41:00,POINT(13.418027 52.515499),POINT(13.342669 52.526371)
2015-12-01 10:49:00,POINT(13.4032176 52.5303624),POINT(13.353825 52.499644)
2015-12-01 10:53:00,POINT(13.269585 52.482627),POINT(13.386978 52.52029)
2015-12-01 10:48:00,POINT(13.098001 52.358807),POINT(13.410947 52.503738)
2015-12-01 10:54:00,POINT(13.45589 52.512032),POINT(13.38904 52.518389)
2015-12-01 10:53:00,POINT(13.426749 52.470156),POINT(12.972228 52.410309)
2015-12-01 10:51:00,POINT(13.06473 52.390265),POINT(13.064085 52.382313)
2015-12-01 12:25:00,POINT(13.351412 52.531797),POINT(13.401393 52.529781)
2015-12-01 11:06:00,POINT(13.3824369 52.5055395),POINT(13.4245 52.48347)
2015-12-01 10:52:00,POINT(13.057884 52.403084),POINT(13.048492 52.411916)
2015-12-01 10:55:00,POINT(13.343145 52.563727),POINT(13.375944 52.509647)
2015-12-01 10:56:00,POINT(13.30154 52.50881),POINT(13.4379 52.51297)
2015-12-01 13:30:00,POINT(13.49532 52.5686291),POINT(12.972179 52.410552)
2015-12-01 10:55:00,POINT(13.057884 52.403084),POINT(13.048492 52.411916)
2015-12-01 10:59:00,POINT(13.064226 52.381637),POINT(13.064085 52.382313)
2015-12-01 11:01:00,POINT(13.210682 52.532479),POINT(13.455944 52.528772)
2015-12-01 14:00:00,POINT(13.426442 52.470121),POINT(12.972228 52.410309)
2015-12-01 11:00:00,POINT(13.208117 52.532111),POINT(13.499576 52.535192)
2015-12-01 12:30:00,POINT(13.351412 52.531797),POINT(13.401393 52.529781)
2015-12-01 10:59:00,POINT(13.355971 52.457382),POINT(13.363818 52.414154)
2015-12-01 11:00:00,POINT(13.431704 52.467182),POINT(13.363818 52.414154)
2015-12-01 11:01:00,POINT(13.351412 52.531797),POINT(13.401393 52.529781)
